BLUEBERRY - MINT;2;Adalya
FRESHBERRY;2;Adalya
ORANGE;2;Adalya
CINNAMON;2;Adalya
GRAPE-LEMON;2;Adalya
STRAWBERRY-VANILLA;2;Adalya
TANGERINE;2;Adalya
VANILLA;2;Adalya
BLACK GRAPE;2;Adalya
RASPBERRY;2;Adalya
BLUEBERRY;2;Adalya
BLACK MULBERRY;2;Adalya
BLUEMOON;2;Adalya
CAPUCCINO;2;Adalya
GREEN LEMON;2;Adalya
GREEN LEMON - MINT;2;Adalya
GUAVA;2;Adalya
ICE APPLE;2;Adalya
MILK;2;Adalya
ORANGE PINEAPPLE;2;Adalya
PINA COLADA;2;Adalya
ACAI;2;Adalya
APPLE CINNAMON;2;Adalya
PIE APPLE;2;Adalya
APRICOT;2;Adalya
BAHRAIN APPLE;2;Adalya
BANANA;2;Adalya
BANANA CINNAMON;2;Adalya
BANANA MILK;2;Adalya
BANANA MILK ICE;2;Adalya
BERRYMIX;2;Adalya
BLACKBERRY BANANA;2;Adalya
BLACKBERRY;2;Adalya
BERLIN NIGHTS;2;Adalya
BLUE MELON;2;Adalya
BLUE ICE;2;Adalya
BLUE ORANGE;2;Adalya
BUBBLE GUM;2;Adalya
CACTUS;2;Adalya
CAPPUCINO CINNAMON;2;Adalya
CARAMEL;2;Adalya
CHERRY BANANA ICE;2;Adalya
CHERRY BANANA;2;Adalya
CHERRY ICE;2;Adalya
CHERRY MINT;2;Adalya
CHERRY PIE;2;Adalya
CHERRY;2;Adalya
CHEWING GUM MINT CINNAMON;2;Adalya
COCONUT CHOCOLATE;2;Adalya
CRANBERRY;2;Adalya
CHILLY CHERRY;2;Adalya
CHOCOLATE;2;Adalya
CINNAMON CHERRY;2;Adalya
COCONUT LEMON;2;Adalya
COCONUT;2;Adalya
COLA DRAGON;2;Adalya
COLA ICE;2;Adalya
COLA LEMON ICE;2;Adalya
COLA LEMON;2;Adalya
COLA ORANGE;2;Adalya
COLA;2;Adalya
CRAZY LEMON;2;Adalya
DOUBLE MELON ICE;2;Adalya
DOUBLE MELON;2;Adalya
GIPSIY KINGS;2;Adalya
GRAPE LEMON MINT;2;Adalya
GRAPE;2;Adalya
GRAPE FRUIT;2;Adalya
GREEN APPLE;2;Adalya
GRAPE MINT;2;Adalya
CASTRO ISLAND;2;Adalya
CHEWING GUM MINT;2;Adalya
BERRYEIS;2;Adalya
GUARANA;2;Adalya
GUAVA MINT;2;Adalya
GUAVA RASPBERRY;2;Adalya
GUM;2;Adalya
GUMMASTIC;2;Adalya
HAWAII;2;Adalya
HAZELNUT;2;Adalya
HONEY MILK;2;Adalya
ICE BONBON;2;Adalya
ICE;2;Adalya
ICE MILK;2;Adalya
ICE ORANGE;2;Adalya
ICE COFFEE;2;Adalya
ICE GUM;2;Adalya
ICE LEMON;2;Adalya
ICE CREAM;2;Adalya
ICE PEAR;2;Adalya
ICE PINEAPPLE;2;Adalya
ICE RASPBERRY;2;Adalya
ICE STRAWBERRY;2;Adalya
ICE TANGERINE;2;Adalya
ICE WATERMELON;2;Adalya
IPANEMA;2;Adalya
KIWI;2;Adalya
LADY KILLER;2;Adalya
LEMON COCTAIL;2;Adalya
LEMON MINT;2;Adalya
LEMON PIE;2;Adalya
LEMON;2;Adalya
LOVE 66;2;Adalya
LYCHEE;2;Adalya
LYCHEE BLUE;2;Adalya
MANGO ORANGE;2;Adalya
MANGO TANGO ICE;2;Adalya
MANGO;2;Adalya
MANGO TANGO;2;Adalya
MARACUJA CREAM;2;Adalya
MARACUJA;2;Adalya
MARACUJA ICE;2;Adalya
MARACUJA MINT;2;Adalya
MARILYN MONROE;2;Adalya
MELON MINT;2;Adalya
MILK CHOCOLATE;2;Adalya
MILK CINNAMON;2;Adalya
MINT CINNAMON;2;Adalya
MINT;2;Adalya
MIX FRUIT;2;Adalya
ORANGE PEACH;2;Adalya
ORANGE VANILLA;2;Adalya
ORANGE MINT;2;Adalya
PEACH MINT;2;Adalya
PEACH PEAR;2;Adalya
PEACH;2;Adalya
PEAR MINT;2;Adalya
PEAR;2;Adalya
PINEAPPLE BANANA;2;Adalya
PINEAPPLE MINT;2;Adalya
PINEAPPLE PIE;2;Adalya
PINEAPPLE;2;Adalya
PINK PRINCESS;2;Adalya
POMEGRANATE;2;Adalya
RASPBERRY PIE;2;Adalya
RHAPSODY;2;Adalya
SPICED CHAI;2;Adalya
STRAWBERRY BANANA ICE;2;Adalya
STRAWBERRY BANANA;2;Adalya
STRAWBERRY LEMON;2;Adalya
STRAWBERRY PIE;2;Adalya
STRAWBERRY TANGERINE;2;Adalya
STRAWBERRY VANILLA MINT;2;Adalya
STRAWBERRY;2;Adalya
SUMMER NIGHT;2;Adalya
SWISS BONBON;2;Adalya
SWISS MARACUJA;2;Adalya
SWISS PASSION;2;Adalya
TANGERINE CHOCOLATE;2;Adalya
THREE ANGELS;2;Adalya
TONYS DESTINY;2;Adalya
TURKISH GUM;2;Adalya
TWO APPLE;2;Adalya
WATERMELON;2;Adalya
WATERMELON MINT;2;Adalya
WHITE GRAPE;2;Adalya
WIND OF CUBA;2;Adalya
POWER;2;Adalya
BLACK CHERRY;2;Adalya
Thai Yogurt;4;Aircraft
London Oatmeal;4;Aircraft
Cancun Limeade;4;Aircraft
Lombardy Nut;4;Aircraft
Indonesian Citrus;4;Aircraft
Ceylon Chips;4;Aircraft
Russian Berry;4;Aircraft
Canadian Gum;4;Aircraft
French Cider;4;Aircraft
California Cola;4;Aircraft
Polish Rum Biscuit;4;Aircraft
Mexican Guava;4;Aircraft
Hong Kong Energy;4;Aircraft
British Banoffee;4;Aircraft
Siberian Jam;4;Aircraft
Cherry Pop;4;Aircraft
Chinese Lemon;4;Aircraft
ICE MINT;3;AYAX
BUBBLEGUM FRUITS;3;AYAX
VANILLA ICE CREAM;3;AYAX
NUT VANILLA;3;AYAX
HAWAII DRINK;3;AYAX
STRAWBERRY;3;AYAX
COLA;3;AYAX
MANGO;3;AYAX
FOREST BERRIES;3;AYAX
GRAPEFRUIT TONIC;3;AYAX
Apricool;2;B3
Bar-Bar;2;B3
Belgium Waffle;2;B3
Bruno Granade;2;B3
Corn Flex;2;B3
Crystal Apple;2;B3
King Karamel;2;B3
Limewax Peach;2;B3
Pear Bear;2;B3
Batumi;3;Bunger
BBQ;3;Bunger
Berry Pie;3;Bunger
Black and white;3;Bunger
Bluemist;3;Bunger
Cherry Macaroon;3;Bunger
Cherry Plum;3;Bunger
Choker;3;Bunger
Holostyak;3;Bunger
Iron Bru;3;Bunger
Moscow Never Sleeps;3;Bunger
Orange Biscuit;3;Bunger
Papa Ya;3;Bunger
Passion Citrus;3;Bunger
Peach Maracuja;3;Bunger
PineLychee;3;Bunger
Sexy;3;Bunger
Summer Juicy;3;Bunger
Surf;3;Bunger
Sweet Dreams;3;Bunger
Umbrella;3;Bunger
Watermelon or melon;3;Bunger
Wilberry crush;3;Bunger
Yummy Gum;3;Bunger
After 8;2;Burn
Bali lounge;2;Burn
Berried treasure;2;Burn
Berry Mix;2;Burn
Bliss;2;Burn
Blueberry Mint;2;Burn
Burn Fantazzy;2;Burn
Burn Fire;2;Burn
Cactus;2;Burn
Candy Cherry;2;Burn
Casablanca;2;Burn
Cinnaboom;2;Burn
Famous Apple;2;Burn
Fantazy Grape;2;Burn
Feel Good;2;Burn
Five o’clock;2;Burn
Flower & Honey;2;Burn
Freeze Melon;2;Burn
Golden Rum;2;Burn
Guava;2;Burn
Juicy Apricot;2;Burn
Juicy wildberry;2;Burn
Kamikaze;2;Burn
Kona Coffee;2;Burn
Lemon Mint;2;Burn
Miami kiss;2;Burn
Mildberry;2;Burn
Nectarine;2;Burn
Orange Cookies;2;Burn
Red Mix;2;Burn
Sexy Choco;2;Burn
Strawberry Jam;2;Burn
Sundaysun;2;Burn
Sweet Raspberries;2;Burn
Three Apples;2;Burn
Tibet;2;Burn
Tiramisu;2;Burn
Tsunami;2;Burn
USSR;2;Burn
White Night;2;Burn
